dataset,method,dim,quant,bytes,ndcg@10,n_queries,recall@10,recall@100
scifact,full,1536,int8,1536.0,0.7306080487438459,300,0.8575555555555555,0.9733333333333334
scifact,mrl,512,int8,512.0,0.719328724537484,300,0.8425555555555556,0.9583333333333334
scifact,mrl,128,int8,128.0,0.6213894509648353,300,0.7517777777777778,0.9176666666666667
scifact,pca_in,512,int8,512.0,0.7258244256194554,300,0.8625555555555555,0.95
scifact,pca_in,128,int8,128.0,0.694098879776884,300,0.8320000000000001,0.9366666666666666
scifact,full,1536,binary,192.0,0.7202157642994048,300,0.8486666666666668,0.9666666666666667
scifact,full,1536,binary_sym,192.0,0.7064041639793103,300,0.818,0.9666666666666667
scifact,mrl,512,binary,64.0,0.6862205264552644,300,0.8168888888888889,0.945
scifact,mrl,512,binary_sym,64.0,0.655028305311727,300,0.7732222222222223,0.93
scifact,mrl,256,binary,32.0,0.6183687644814823,300,0.7467777777777778,0.9276666666666668
scifact,mrl,256,binary_sym,32.0,0.5740671593350125,300,0.7070000000000001,0.8720000000000001
scifact,mrl,128,binary,16.0,0.5154242468702002,300,0.6397777777777778,0.8736666666666667
scifact,mrl,128,binary_sym,16.0,0.40390270279711227,300,0.5367222222222222,0.824
scifact,pca_in,512,binary,64.0,0.6936260378404855,300,0.8325555555555555,0.9410000000000001
scifact,pca_in,512,binary_sym,64.0,0.6371762011018373,300,0.7442222222222221,0.859888888888889
scifact,pca_in,256,binary,32.0,0.6748385462558425,300,0.8315555555555556,0.93
scifact,pca_in,256,binary_sym,32.0,0.6156117340999556,300,0.7607222222222222,0.8826666666666667
scifact,pca_in,128,binary,16.0,0.6393122107099659,300,0.7799444444444444,0.91
scifact,pca_in,128,binary_sym,16.0,0.5619014290473602,300,0.7071666666666666,0.8616666666666667
nfcorpus,full,1536,int8,1536.0,0.3839893670646095,323,0.1835243253687442,0.36191446403960453
nfcorpus,mrl,512,int8,512.0,0.37318757270828545,323,0.18289466571573615,0.3535261812235296
nfcorpus,mrl,128,int8,128.0,0.2988563769136798,323,0.14048623869166418,0.29133928192343017
nfcorpus,pca_in,512,int8,512.0,0.36592908828117826,323,0.1740251015543414,0.34379765773306503
nfcorpus,pca_in,128,int8,128.0,0.3404448000320605,323,0.16133155776742672,0.3411297072870594
nfcorpus,full,1536,binary,192.0,0.3712899469673108,323,0.18220333638981095,0.35929288697452744
nfcorpus,full,1536,binary_sym,192.0,0.3630311929342594,323,0.17555643045491767,0.3410162323916217
nfcorpus,mrl,512,binary,64.0,0.343864240939511,323,0.16209928834232631,0.33108387403378037
nfcorpus,mrl,512,binary_sym,64.0,0.31751950822423436,323,0.15099251262070637,0.29912017707442906
nfcorpus,mrl,256,binary,32.0,0.2989735333472138,323,0.14090701394804298,0.29174063070053746
nfcorpus,mrl,256,binary_sym,32.0,0.25391562181449745,323,0.1210525839829198,0.25467318756625584
nfcorpus,mrl,128,binary,16.0,0.24163786414639554,323,0.11795578954859463,0.24369157238900502
nfcorpus,mrl,128,binary_sym,16.0,0.16935454859291932,323,0.0755316947534344,0.2046231577697039
nfcorpus,pca_in,512,binary,64.0,0.3312472893537691,323,0.16151575586017577,0.28752797028680904
nfcorpus,pca_in,512,binary_sym,64.0,0.24237986891971305,323,0.1264491299351584,0.21049802418557415
nfcorpus,pca_in,256,binary,32.0,0.32789614256586,323,0.16888433120088475,0.2967118954915522
nfcorpus,pca_in,256,binary_sym,32.0,0.2568678458804481,323,0.12736295494753322,0.23808455747784396
nfcorpus,pca_in,128,binary,16.0,0.30965681607757584,323,0.15507113476292986,0.30351026056503766
nfcorpus,pca_in,128,binary_sym,16.0,0.24736139124270565,323,0.1203975379290564,0.2422668574755079
arguana,full,1536,int8,1536.0,0.5566017006339732,1406,0.8577524893314367,0.9921763869132291
arguana,mrl,512,int8,512.0,0.5503935965881452,1406,0.852773826458037,0.9921763869132291
arguana,mrl,128,int8,128.0,0.511367754756012,1406,0.794452347083926,0.9829302987197724
arguana,pca_in,512,int8,512.0,0.5583525466324156,1406,0.8598862019914651,0.9928876244665719
arguana,pca_in,128,int8,128.0,0.5297746075376168,1406,0.8285917496443812,0.9893314366998578
arguana,full,1536,binary,192.0,0.5450437995730879,1406,0.8435277382645804,0.9914651493598862
arguana,full,1536,binary_sym,192.0,0.5355309846547343,1406,0.8349928876244666,0.9900426742532006
arguana,mrl,512,binary,64.0,0.522744188819213,1406,0.8264580369843528,0.9886201991465149
arguana,mrl,512,binary_sym,64.0,0.5017133727658448,1406,0.8058321479374111,0.9793741109530584
arguana,mrl,256,binary,32.0,0.4820241360181627,1406,0.7702702702702703,0.9779516358463727
arguana,mrl,256,binary_sym,32.0,0.43451048086638905,1406,0.716927453769559,0.9566145092460882
arguana,mrl,128,binary,16.0,0.415539226905984,1406,0.686344238975818,0.9480796586059744
arguana,mrl,128,binary_sym,16.0,0.3495463127370352,1406,0.5881934566145093,0.8933143669985776
arguana,pca_in,512,binary,64.0,0.5336786927592758,1406,0.8250355618776671,0.9864864864864865
arguana,pca_in,512,binary_sym,64.0,0.4993688591529929,1406,0.7716927453769559,0.9352773826458037
arguana,pca_in,256,binary,32.0,0.5149601248417036,1406,0.8051209103840683,0.9829302987197724
arguana,pca_in,256,binary_sym,32.0,0.4786024976668505,1406,0.7667140825035562,0.9487908961593172
arguana,pca_in,128,binary,16.0,0.4676797385127535,1406,0.7645803698435277,0.9829302987197724
arguana,pca_in,128,binary_sym,16.0,0.4185435609318704,1406,0.6891891891891891,0.9395448079658606
fiqa,full,1536,int8,1536.0,0.4482914348243312,648,0.5218286043517525,0.780207579628876
fiqa,mrl,512,int8,512.0,0.4357461022581115,648,0.5092530925864259,0.7645361325916881
fiqa,mrl,128,int8,128.0,0.3399604086280543,648,0.3975800005892598,0.6752191866775199
fiqa,pca_in,512,int8,512.0,0.4314093799690743,648,0.5096598103542549,0.7817882391956466
fiqa,pca_in,128,int8,128.0,0.3827134567597031,648,0.45393987442598555,0.7474665166794797
fiqa,full,1536,binary,192.0,0.4289209048748971,648,0.4995922030644253,0.7603865184883704
fiqa,full,1536,binary_sym,192.0,0.40956014116592965,648,0.4799383615355838,0.7416641700206515
fiqa,mrl,512,binary,64.0,0.39420522700249705,648,0.4557398791195087,0.7267341326369104
fiqa,mrl,512,binary_sym,64.0,0.3514108573446709,648,0.4226461766971025,0.6852171705180964
fiqa,mrl,256,binary,32.0,0.3219180486780286,648,0.38484668195316346,0.6610511445002185
fiqa,mrl,256,binary_sym,32.0,0.2672732246935103,648,0.33267392329892326,0.5740001168241909
fiqa,mrl,128,binary,16.0,0.2255603331326064,648,0.2822170841846768,0.5295715215854104
fiqa,mrl,128,binary_sym,16.0,0.1540579436419969,648,0.1979890008825194,0.4175351911463023
fiqa,pca_in,512,binary,64.0,0.39142855713427727,648,0.46828417638602826,0.7289970831637499
fiqa,pca_in,512,binary_sym,64.0,0.33470414005127114,648,0.39195233350325936,0.6136447828577459
fiqa,pca_in,256,binary,32.0,0.3722361670753359,648,0.44350142313105273,0.7184933636322525
fiqa,pca_in,256,binary_sym,32.0,0.29362253465740656,648,0.34787403954070617,0.611953799801022
fiqa,pca_in,128,binary,16.0,0.3137700500219627,648,0.38005584521788227,0.667570593843742
fiqa,pca_in,128,binary_sym,16.0,0.2290730653308275,648,0.2814357924311628,0.5434341507258175
scidocs,full,1536,int8,1536.0,0.20794501872047408,1000,0.21705000000000002,0.45328333333333337
scidocs,mrl,512,int8,512.0,0.19943055243053237,1000,0.20710000000000003,0.4359
scidocs,mrl,128,int8,128.0,0.1545318926684756,1000,0.16176666666666667,0.35085
scidocs,pca_in,512,int8,512.0,0.20297990835223026,1000,0.21200000000000002,0.45683333333333337
scidocs,pca_in,128,int8,128.0,0.17876131173552773,1000,0.18815,0.43776666666666664
scidocs,full,1536,binary,192.0,0.20159228677504876,1000,0.20945,0.4415666666666667
scidocs,full,1536,binary_sym,192.0,0.1949639391590457,1000,0.20235000000000003,0.4275333333333334
scidocs,mrl,512,binary,64.0,0.17936435270685347,1000,0.18714999999999998,0.40508333333333335
scidocs,mrl,512,binary_sym,64.0,0.16129727784057896,1000,0.16818333333333332,0.37110000000000004
scidocs,mrl,256,binary,32.0,0.15108973534554895,1000,0.15766666666666668,0.3584333333333333
scidocs,mrl,256,binary_sym,32.0,0.1237209730331254,1000,0.12923333333333334,0.30731666666666674
scidocs,mrl,128,binary,16.0,0.10653091827305959,1000,0.11068333333333334,0.27094999999999997
scidocs,mrl,128,binary_sym,16.0,0.08047374568075032,1000,0.08191666666666665,0.21006666666666665
scidocs,pca_in,512,binary,64.0,0.19109755708063883,1000,0.19778333333333337,0.4141166666666667
scidocs,pca_in,512,binary_sym,64.0,0.1582064794344553,1000,0.15794999999999998,0.3140333333333334
scidocs,pca_in,256,binary,32.0,0.17735923508805512,1000,0.18281666666666666,0.40913333333333335
scidocs,pca_in,256,binary_sym,32.0,0.14139642512055037,1000,0.14556666666666668,0.30855000000000005
scidocs,pca_in,128,binary,16.0,0.1551031617993628,1000,0.16018333333333334,0.37688333333333335
scidocs,pca_in,128,binary_sym,16.0,0.11577107579827364,1000,0.11978333333333332,0.27779999999999994
trec-covid,full,1536,int8,1536.0,0.7776837043029902,50,0.02202734698780144,0.15927820057944106
trec-covid,mrl,512,int8,512.0,0.7701141379498853,50,0.021620029311811464,0.15647535397545967
trec-covid,mrl,128,int8,128.0,0.718420540667442,50,0.019063887078709693,0.1305237218559175
trec-covid,pca_in,512,int8,512.0,0.707958141054298,50,0.019885925387257156,0.14632291271559608
trec-covid,pca_in,128,int8,128.0,0.6637237093955218,50,0.016839144559268413,0.1295979240667106
trec-covid,full,1536,binary,192.0,0.7631652460672846,50,0.021551111864403998,0.15437143541250672
trec-covid,full,1536,binary_sym,192.0,0.7459849681270421,50,0.020920167373192702,0.15069418705871246
trec-covid,mrl,512,binary,64.0,0.7202551995889369,50,0.01992956547955316,0.143619432667716
trec-covid,mrl,512,binary_sym,64.0,0.6931572860622837,50,0.018360152377996312,0.12704612207594657
trec-covid,mrl,256,binary,32.0,0.6366278219626473,50,0.01763926548324186,0.1179991569752359
trec-covid,mrl,256,binary_sym,32.0,0.5459702761644216,50,0.014580497847599166,0.09334681844640282
trec-covid,mrl,128,binary,16.0,0.576972718907555,50,0.015303694553676304,0.08941104209929036
trec-covid,mrl,128,binary_sym,16.0,0.4013690564246484,50,0.01050657203353968,0.059109240130320505
trec-covid,pca_in,512,binary,64.0,0.6463617321344208,50,0.01888744330055447,0.13082590079264103
trec-covid,pca_in,512,binary_sym,64.0,0.5641585031977403,50,0.017128108193912132,0.10992737180592367
trec-covid,pca_in,256,binary,32.0,0.6434643569078021,50,0.018410170907384806,0.12837252377474936
trec-covid,pca_in,256,binary_sym,32.0,0.5768787102027123,50,0.01716385031621777,0.11072888544135391
trec-covid,pca_in,128,binary,16.0,0.6263126353884302,50,0.01750618273883234,0.11884273858655345
trec-covid,pca_in,128,binary_sym,16.0,0.532990980631356,50,0.015390975312770862,0.09758673190567625
webis-touche2020,full,1536,int8,1536.0,0.24506779438177698,49,0.1710555918300511,0.47892195477860067
webis-touche2020,mrl,512,int8,512.0,0.23980235332419791,49,0.1620441686151429,0.4730522096082593
webis-touche2020,mrl,128,int8,128.0,0.21934595678738314,49,0.14822557943355424,0.45243089703828115
webis-touche2020,pca_in,512,int8,512.0,0.23091026862025715,49,0.15235772795227315,0.4215713934222474
webis-touche2020,pca_in,128,int8,128.0,0.21109462811207025,49,0.14669920819964893,0.37359746058724447
webis-touche2020,full,1536,binary,192.0,0.23677229965950763,49,0.1688001751720313,0.4689143582198886
webis-touche2020,full,1536,binary_sym,192.0,0.22426335096838845,49,0.162723177667805,0.4537868972274531
webis-touche2020,mrl,512,binary,64.0,0.23092639936830997,49,0.16457716105940917,0.46702103623707814
webis-touche2020,mrl,512,binary_sym,64.0,0.21893564032893922,49,0.15074744175192706,0.44443141541316544
webis-touche2020,mrl,256,binary,32.0,0.20578180954196354,49,0.13748059851146968,0.4343281074151657
webis-touche2020,mrl,256,binary_sym,32.0,0.19780100505825346,49,0.1367589870389331,0.38089732148536987
webis-touche2020,mrl,128,binary,16.0,0.18518420378482892,49,0.12345463615520837,0.3683428559542504
webis-touche2020,mrl,128,binary_sym,16.0,0.1588334830429809,49,0.10391028550341475,0.29835477308417485
webis-touche2020,pca_in,512,binary,64.0,0.23868261446241368,49,0.16840540171509782,0.4612373247391015
webis-touche2020,pca_in,512,binary_sym,64.0,0.22550749633442993,49,0.15184914589033136,0.4399398788016756
webis-touche2020,pca_in,256,binary,32.0,0.23107928053375226,49,0.15980301371507014,0.4469056079951441
webis-touche2020,pca_in,256,binary_sym,32.0,0.2151989289085824,49,0.15051010299834044,0.41993716624319744
webis-touche2020,pca_in,128,binary,16.0,0.20812989203254792,49,0.14535701356307706,0.40407044119639124
webis-touche2020,pca_in,128,binary_sym,16.0,0.16375194361825138,49,0.11690707865217716,0.3814992741052216
quora,full,1536,int8,1536.0,0.8878408530525037,10000,0.9584838548928521,0.9958655411660929
quora,mrl,512,int8,512.0,0.886248718468635,10000,0.9574743791767752,0.9955666492809422
quora,mrl,128,int8,128.0,0.8742890614372547,10000,0.9487513123766587,0.9933403585633059
quora,pca_in,512,int8,512.0,0.8855348828679817,10000,0.9582793398303003,0.9956177650126407
quora,pca_in,128,int8,128.0,0.8645798936967607,10000,0.9436758612830981,0.9933634719403562
quora,full,1536,binary,192.0,0.8847448884716188,10000,0.9568427271450504,0.9957761050566641
quora,full,1536,binary_sym,192.0,0.881819027265975,10000,0.9557334885807585,0.9956049459622889
quora,mrl,512,binary,64.0,0.8780923100440287,10000,0.9521195093650009,0.9954346243980344
quora,mrl,512,binary_sym,64.0,0.8691797560254255,10000,0.9466042990469187,0.9944734688598286
quora,mrl,256,binary,32.0,0.8643936287558117,10000,0.9441708209176144,0.992973509946608
quora,mrl,256,binary_sym,32.0,0.8459198809309906,10000,0.9305307121620244,0.9890773727830534
quora,mrl,128,binary,16.0,0.8378033915431231,10000,0.9239508740080413,0.9858744271820756
quora,mrl,128,binary_sym,16.0,0.7922792781752208,10000,0.8856278861053047,0.9700879267059536
quora,pca_in,512,binary,64.0,0.8821734382823709,10000,0.956363765959843,0.9955606920062396
quora,pca_in,512,binary_sym,64.0,0.8721213225036728,10000,0.9486735423137393,0.9941537367189274
quora,pca_in,256,binary,32.0,0.869904505680789,10000,0.9499577159267634,0.9946002168217328
quora,pca_in,256,binary_sym,32.0,0.8565638168366868,10000,0.9400771934211709,0.9924134643137331
quora,pca_in,128,binary,16.0,0.8431133054566413,10000,0.9306403853102418,0.9899806049030274
quora,pca_in,128,binary_sym,16.0,0.8131067550837624,10000,0.9080720773025237,0.9839744449737944
